index,sub,mu,kappa,mu_deg
0,s1,2.0493816611636877,4.883593860926311,117.42091979618904
0,s1,1.9024974401980308,4.836735029078155,109.0050738577899
0,s1,1.9380755874189908,4.587308986123634,111.043551536446
0,s1,1.991729830622459,4.5121781506874346,114.1177132249732
0,s1,1.9993933218698676,4.554153029213698,114.55679892978517
0,s1,1.9545444880635043,4.7600975542240835,111.98715003659692
0,s1,2.0188896307403428,4.603209433781574,115.67385514414687
0,s1,2.034498502000887,4.731110315880521,116.5681775903391
0,s1,1.9226824762717492,4.955557532659381,110.16159123413327
0,s1,2.001418467966296,4.917973565039409,114.67283125400792
0,s1,1.9075847324825093,4.782291601605503,109.29655423483997
0,s1,1.9057164516720777,4.660922829179922,109.18950962945696
0,s1,1.9829373918092972,4.553921721228258,113.61394358935202
0,s1,1.9599318360016342,4.774735304764837,112.29582233622025
0,s1,2.0281975264259686,4.883405765522856,116.20715828308126
0,s1,1.9258072809410824,4.666788589714156,110.34062935348885
0,s1,1.9305752826530855,4.561897131457084,110.61381572829777
0,s1,2.0012757431927515,4.568507348802763,114.66465372685185
0,s1,2.0197269373358226,4.921318914039704,115.72182927822634
0,s1,1.9406314670338602,4.819251525605294,111.18999265132155
0,s1,2.0311776138448536,4.845087838397402,116.3779047147634
0,s1,1.9057563655152723,4.769704623484808,109.19179652421616
0,s1,1.9588349429224214,4.508198354365279,112.23297499220426
0,s1,1.994843750873711,5.149547937935019,114.29612771311027
0,s1,2.0110043598554457,4.562780553042582,115.22206240212488
0,s1,1.9335898884670184,4.645113885016879,110.78653991833173
0,s1,1.94438571546383,4.733059219847257,111.40509524160242
0,s1,1.998834450983613,4.709043645336191,114.52477798671003
0,s1,1.9131358992281013,4.800246261695341,109.61461266073577
0,s1,1.98329698854738,4.659797634633719,113.63454696477083
0,s1,1.9532498416698756,4.49569104260385,111.91297226228015
0,s1,1.9451386226907534,4.83074567016558,111.44823364807004
0,s1,1.9465464176492233,4.68210781586002,111.52889435761016
0,s1,1.93989560849236,4.933595065102231,111.14783106257492
0,s1,2.0102630647217157,4.832696209023786,115.17958931958856
0,s1,1.996730535339739,4.6990062036309475,114.40423249986452
0,s1,1.9332029634831969,4.600246486080827,110.76437074977059
0,s1,1.9917820990079478,4.980309382198903,114.12070798286368
0,s1,1.9296011541779614,4.8172221252211065,110.55800227796965
0,s1,1.9244718717940967,4.628906514541483,110.2641160454434
0,s1,1.9685338432126354,4.789121302726274,112.78868104475173
0,s1,1.9506343068059626,4.527475788302456,111.76311315340861
0,s1,1.9544933942350682,5.013193915887947,111.98422257586836
0,s1,1.9283422637640748,4.60870125412181,110.48587317038447
0,s1,1.9781138255667956,4.617770894348581,113.3375736014549
0,s1,1.9458172165201348,4.854532021430822,111.48711421049721
0,s1,1.95750395044088,4.600537577034436,112.15671474044828
0,s1,1.9975208831219506,4.575858374159266,114.44951609213277
0,s1,1.9512841287615152,4.752718733072141,111.80034520889672
0,s1,2.00931605664583,4.674748347535078,115.1253297536755
0,s1,1.9763973562502763,4.514443944156136,113.23922715395464
0,s1,1.9745155046779737,4.425706357973888,113.13140500119165
0,s1,1.955802194683459,4.579179790054717,112.05921131778597
0,s1,1.9879314036854996,4.9615110387113415,113.90007939269663
0,s1,1.9331689272194104,4.747129783750099,110.76242061550522
0,s1,2.0089882962515917,4.551758677139114,115.10655046639411
0,s1,1.9586655322322504,4.387231636697361,112.22326847465305
0,s1,2.006429648081397,4.830195491664381,114.95995072498307
0,s1,1.9833914669853285,4.530159734137363,113.63996018052028
0,s1,1.9675408746633831,4.8635425096988705,112.73178813769034
0,s1,1.949767945371505,4.86760255930667,111.7134742996813
0,s1,2.0013371498855252,4.8450893590334125,114.66817207118164
0,s1,1.9895178585289317,4.763836128861604,113.99097655961339
0,s1,1.930309573340983,4.420520184213011,110.59859170613697
0,s1,1.9583316819472198,4.781583782611765,112.20414026233156
0,s1,1.9839609565248713,4.7443908575341345,113.67258952761293
0,s1,2.0037075382846816,5.040349149058146,114.80398532226008
0,s1,1.9415257479696748,4.705499105823269,111.24123117464272
0,s1,1.9590024256369247,4.807755683608832,112.24257104488669
0,s1,1.9285010180454467,4.260977148119554,110.4949691206867
0,s1,2.050730607872434,4.845606055998914,117.49820874938825
0,s1,1.9684429184935692,4.8159856171431965,112.78347144209582
0,s1,1.9244874870814634,4.595372490450823,110.2650107355054
0,s1,1.9219657070051175,4.57946819033258,110.1205233802706
0,s1,1.9559850681754758,4.628784851134727,112.06968919706335
0,s1,1.96095586305095,4.7420946471323555,112.35449476425329
0,s1,1.9890724422345807,5.018716618612633,113.9654560858207
0,s1,1.9173116348101347,4.720934660742468,109.85386468594889
0,s1,1.9217196173522748,4.884162291747457,110.10642348178087
0,s1,1.9408482110127545,4.49682500619616,111.20241116654705
0,s1,1.9523019331411946,4.625922570957124,111.85866110422228
0,s1,1.9838201220003722,4.71343802747757,113.6645203037494
0,s1,1.9773135725213267,4.762577089160978,113.29172247940704
0,s1,1.945825192709221,5.11611416545445,111.48757121246844
0,s1,1.958831287660043,4.424099770781115,112.23276556109697
0,s1,1.961668806041458,4.672411322499607,112.39534338864283
0,s1,2.000311593517715,4.572459372363974,114.60941201965335
0,s1,2.0536396526338514,4.81701561535251,117.66488473663212
0,s1,2.051227221351208,4.842138115054158,117.52666260577132
0,s1,1.9393766093349503,4.53605694379087,111.1180946012845
0,s1,1.980908327664963,4.78840794503667,113.49768677752036
0,s1,1.9722694407638572,4.717937465772881,113.00271501839615
0,s1,1.9483256970138823,4.803590375201453,111.63083955577983
0,s1,1.909734608331373,4.618986406465187,109.41973304745699
0,s1,1.9231244342966176,5.0360506906626155,110.18691356368018
0,s1,1.9225118017187595,5.0631793023110285,110.15181230257669
0,s1,2.019500347088873,4.656722276699746,115.7088466133973
0,s1,1.9280882496151788,4.724637151145332,110.47131923171611
0,s1,1.9517663948756334,4.691234344278863,111.82797702183787
0,s1,1.9273970701617662,5.008006838803739,110.43171756614942
0,s2,-0.32329193110409765,1.4333175922880006,-18.52326320289898
0,s2,-0.3972746730461038,1.224961689469144,-22.762162072981432
0,s2,-0.35464674129379065,1.2347876437023952,-20.319761494202176
0,s2,-0.4029382216992706,1.2571916445091618,-23.08665950787489
0,s2,0.368515556461586,4.138220925259461,21.11438607016387
0,s2,-0.43973469182539643,1.2503475764518015,-25.194941947081116
0,s2,0.37895959283748987,4.214872380659008,21.71278527558427
0,s2,-0.13968370359621424,1.2936849865681301,-8.003286682819436
0,s2,-0.22322488432118737,1.4930057283154592,-12.789843753900058
0,s2,-0.4418129972289529,1.1469162233598915,-25.314020075244137
0,s2,-0.3175128298799761,1.2811165214450404,-18.192145093377928
0,s2,-0.3695315285475933,1.2707956215364113,-21.17259698279519
0,s2,-0.16312051874290304,1.098867456719078,-9.346117275952984
0,s2,-0.35390295989541226,1.3212392780602071,-20.27714595919476
0,s2,0.4902996492326782,0.8680800426013473,28.092100597777133
0,s2,-0.3372592555562688,1.3426785954729512,-19.32353194509826
0,s2,-0.35746851882934194,1.23303026260316,-20.481437437714092
0,s2,-0.42732696416642185,1.1875301226592754,-24.484031518874136
0,s2,0.3727224159202147,4.065667796874638,21.355421362147986
0,s2,-0.3588620635475508,1.2115250353522153,-20.56128166863021
0,s2,0.3911642025296945,4.161785587447494,22.412057901552057
0,s2,-0.3622433544835426,1.2646780824612458,-20.75501536856838
0,s2,0.35929433171878217,4.34083277239873,20.586048810459605
0,s2,-0.39858404358483024,1.3257546378982754,-22.83718347866923
0,s2,-0.4471652307817387,1.256052660034407,-25.62068046878707
0,s2,-0.48767843121647825,1.1129912135625508,-27.94191586826522
0,s2,-0.5569345087903361,1.1100562263979934,-31.909996818877907
0,s2,0.4392718571836361,0.7918917789000721,25.1684234754958
0,s2,-0.21242307698360446,1.5024062765225765,-12.170945782343114
0,s2,-0.399336449752769,1.299920984051301,-22.88029317657173
0,s2,-0.3694501324893979,1.2596501721585298,-21.167933332191595
0,s2,-0.3538298983510792,1.3295467703513348,-20.272959841059766
0,s2,0.4564635704803043,1.6740312573511074,26.15343608999383
0,s2,-0.27121140256944676,1.5061369721192812,-15.53926872305283
0,s2,-0.2853311434021991,1.4732752643573654,-16.348270280588075
0,s2,-0.5483017104060779,1.1646005169853901,-31.415373906072553
0,s2,-0.4247326152743793,0.866866144711099,-24.335386276775655
0,s2,-0.34596235066103337,1.2258925567893533,-19.82218256330224
0,s2,-0.490206437652601,1.1828736592113112,-28.086759967636965
0,s2,-0.43948521376239036,1.2572069783573059,-25.180647906989773
0,s2,-0.3629289950896332,1.3149681501478696,-20.79429968156016
0,s2,-0.39054758206000795,1.228677490710445,-22.37672815107764
0,s2,-0.24622755331365118,1.1460061427661854,-14.107799604704681
0,s2,-0.39092042073182903,1.17667684661496,-22.39809023341225
0,s2,-0.3722747758304404,1.219596922617232,-21.32977347426306
0,s2,-0.5030743463075857,1.1171779334132448,-28.824036824727454
0,s2,-0.3600918418939608,1.2645929436322154,-20.63174277761608
0,s2,-0.4488865435430285,1.2355083521327344,-25.719304425230987
0,s2,-0.3606985760017975,1.2405685465973617,-20.666506081281756
0,s2,-0.3852201149422096,1.2420082514861481,-22.07148676973307
0,s2,-0.25719412735794894,1.4787753524973906,-14.736138013160657
0,s2,-0.5543932549984015,1.1362878078509508,-31.764393701928437
0,s2,-0.36677658816642855,1.2793402694167448,-21.01475052614429
0,s2,-0.3819463836820028,1.1930908280559231,-21.883915785263177
0,s2,-0.39679940189081164,1.1647557170027252,-22.734931041658886
0,s2,-0.4800606063068644,1.2300411067496206,-27.50544665187472
0,s2,-0.5564563066563498,1.1513920350532194,-31.882597854846342
0,s2,-0.49379992497203473,1.1373949558997722,-28.292651624774297
0,s2,0.38550451021559756,4.238670059791754,22.08778141861167
0,s2,-0.1968134058587016,1.1304467708002681,-11.276577507298953
0,s2,-0.18439538961025154,1.215871523681415,-10.565077586337884
0,s2,-0.3724208656681769,1.2323532046566847,-21.338143805395113
0,s2,-0.3819950086474156,1.2235332434942352,-21.8867017905603
0,s2,-0.5215323969486865,1.1506371214761577,-29.881605224501268
0,s2,-0.368323134041747,1.298561709361957,-21.1033610776234
0,s2,-0.40379413120499047,1.2516311990433597,-23.135699510197767
0,s2,-0.39405286001950435,1.2928340105159726,-22.577565784177015
0,s2,-0.2191337007080934,1.5090660640682851,-12.555436199656691
0,s2,0.46700417267774125,1.7945787108982487,26.757368109433287
0,s2,-0.356942299567038,1.3406385113002761,-20.45128729488559
0,s2,-0.2800473571911912,1.5014605533609364,-16.0455316308479
0,s2,-0.21471764953486305,1.4910868237974655,-12.302415105316797
0,s2,-0.377910399883368,1.3231159259339833,-21.652670947418223
0,s2,-0.38049185155808646,1.2306740695125393,-21.80057723339657
0,s2,-0.4501965674653629,1.26488576747888,-25.794363267041923
0,s2,-0.43502561106456755,1.2356616570393095,-24.925131494099368
0,s2,-0.2524766264294879,1.5098479764364603,-14.465845120110794
0,s2,-0.19654331642535933,1.225126472853184,-11.261102522677358
0,s2,-0.5096825198446783,1.0952640485699305,-29.202657278692893
0,s2,-0.4058278181918687,1.3249562078168649,-23.25222119139657
0,s2,-0.3775080525703016,1.225592336335879,-21.629618144481093
0,s2,-0.4332570624935508,1.2681846504507832,-24.823801125116216
0,s2,0.46843812547890556,1.5948948949821675,26.839527552960963
0,s2,0.3410037476695739,4.506672405279236,19.538075539610666
0,s2,-0.365704553693177,1.3380473337364052,-20.953327475334444
0,s2,-0.4229929089055094,1.2763731909122966,-24.235708444247383
0,s2,-0.39673941587708883,1.2813722900656268,-22.731494096242752
0,s2,-0.3991581950491733,1.2670331459136035,-22.870079934377344
0,s2,-0.3262991576118054,1.2767510561111761,-18.6955645898305
0,s2,-0.4236478201230123,1.2672478926131032,-24.273232092966072
0,s2,-0.6514312874764838,1.0709751267184089,-37.32426341517596
0,s2,0.5282114653661596,1.6991644279176206,30.2642876559016
0,s2,-0.37894771815340467,1.1895943641073634,-21.712104906303136
0,s2,-0.46835889813051307,1.1771457578335398,-26.834988160276062
0,s2,-0.39860274030405435,1.2844936227355563,-22.83825472177151
0,s2,-0.36727758793986737,1.2388250169297161,-21.043455698699344
0,s2,0.3927443618925715,4.314242883559115,22.502594364002988
0,s2,-0.35204827826087837,1.2232178158148388,-20.17088052919554
0,s2,-0.42363043433733105,1.214650310241547,-24.272235960823018
0,s2,-0.4636453389789385,1.2406034143815141,-26.564921114405575
0,s3,2.3227533562776186,1.943297912494819,133.08396416455437
0,s3,2.3560531202190855,1.955386829590961,134.99190009718237
0,s3,2.2678735576182096,1.8513372281404816,129.93958332084253
0,s3,2.361847003553624,1.9999989163671819,135.32386515924262
0,s3,2.299578747614114,2.0940373125387026,131.75615689626827
0,s3,2.2612212587041314,2.061005245418343,129.5584346690064
0,s3,2.3382263160042616,1.9685893726630308,133.9704994534669
0,s3,2.2144797256400324,2.206461331873003,126.88034209646233
0,s3,2.302660144475781,2.1007006903746586,131.93270793144663
0,s3,2.2671494427630146,2.136245810729971,129.89809459575713
0,s3,2.480234668332746,1.8718013485714957,142.10697869749586
0,s3,2.3453682578632256,1.9468007899599482,134.37970257951338
0,s3,2.333830726676249,1.9340466292503615,133.71865073649906
0,s3,2.4472133214259766,1.880379010701442,140.2149948859006
0,s3,2.3529859488145646,1.9875536531044622,134.8161641206601
0,s3,2.2228581239601333,2.1806190253605013,127.36038895928361
0,s3,1.996484242896907,2.7938291243445788,114.39012098236428
0,s3,2.4981922353359396,1.8392273625040279,143.13587149710227
0,s3,2.3404701489209176,1.9768293531557686,134.09906160952386
0,s3,2.375710496657143,1.9813297772747274,136.11818480338297
0,s3,2.2643739109273944,1.8592221297603384,129.7390683356719
0,s3,2.3471604313882217,1.8344761065101443,134.48238655865075
0,s3,2.3564111270386494,1.9864305293753457,135.01241237698028
0,s3,2.471712768188641,1.899999741500359,141.61870978580671
0,s3,2.373855916979415,1.9925197987278764,136.0119252150784
0,s3,2.34946201382426,1.9845611272046826,134.61425751843717
0,s3,2.368062016804147,2.014217336504477,135.67995918811545
0,s3,2.3766216209264717,2.00415388254084,136.17038837862745
0,s3,2.3058759535826816,2.078203471254334,132.11696022099179
0,s3,2.3405772776056213,1.9441077326004685,134.10519963102215
0,s3,2.3277484438699934,1.9565846716211643,133.37016160189563
0,s3,2.3681401477485022,1.9725386107276721,135.68443576147638
0,s3,2.350795045403497,1.9396355412683701,134.6906346018851
0,s3,2.339485910059552,1.928264703025826,134.04266887673484
0,s3,2.6036978127808195,3.966410804942548,149.18089579978454
0,s3,2.4706494850295906,1.9052691852170254,141.5577881483658
0,s3,2.1305631426756624,2.1167180695828924,122.07227606144451
0,s3,2.2886356086081134,2.123535285032125,131.12916121659944
0,s3,2.3537249672593914,1.9928313648988856,134.858506758531
0,s3,2.27331491268564,1.8612688267100355,130.25135000103842
0,s3,2.350728420630676,1.7945014134152677,134.68681728359147
0,s3,2.2773993722776185,2.0796586195014126,130.4853722972505
0,s3,2.4897566608958037,1.8097018903736508,142.65254868391403
0,s3,2.268460059491644,2.153305506570746,129.97318740286684
0,s3,2.623263916696914,3.9359650932865167,150.30195097569114
0,s3,2.342600135070091,1.981187787668345,134.2211008262928
0,s3,2.362062488004648,1.9587686957344985,135.33621150883698
0,s3,2.4926284621118824,1.8050687803579004,142.8170907731959
0,s3,2.2421874336245815,2.1707691145962555,128.46787682395794
0,s3,2.606592953794968,3.951673202184909,149.34677516099046
0,s3,2.3549712928356525,1.9533616787599755,134.92991595394997
0,s3,2.2724494893158376,2.098451823238846,130.20176489445674
0,s3,2.6075283431167104,3.6385980152203636,149.40036902132792
0,s3,2.406022100644137,1.905268353430177,137.85491178210964
0,s3,2.4982388836945626,1.8273158290899527,143.13854425117256
0,s3,2.2553363003761353,2.1501661235372973,129.22125139420186
0,s3,2.3587827271658046,1.9929824676950618,135.14829505495896
0,s3,2.630337103337009,4.077767713062452,150.7072147178769
0,s3,2.4711505463343686,1.875464362678514,141.5864968464069
0,s3,2.3518382903649457,1.9973325751981879,134.7504081351744
0,s3,2.371431472351406,1.998626381568024,135.87301477023033
0,s3,2.2189249636313253,2.191407277973215,127.13503547229463
0,s3,2.3478678974163976,1.9539229901707742,134.5229213762141
0,s3,2.633709272258651,4.069910790979837,150.90042576489216
0,s3,2.4878547822979504,1.8196218702446796,142.54357906711078
0,s3,2.365386366259876,1.9778068330369192,135.52665570447687
0,s3,2.48539943902268,1.8637674349054656,142.40289826018198
0,s3,2.346795215681672,1.9743131886236043,134.46146124005355
0,s3,2.266465977464995,2.060031884374498,129.85893491873696
0,s3,2.318533795253358,1.908851736078777,132.84220112646634
0,s3,2.4870372928016327,1.8672797857066459,142.4967403691755
0,s3,2.3620139808593454,1.8182418992952112,135.33343225413492
0,s3,2.3161252628578506,1.9050687765871235,132.70420238538324
0,s3,2.28371756761583,2.100230836923883,130.84737822426928
0,s3,2.3312276111321935,1.9649891458506512,133.5695032022398
0,s3,2.463108123052599,1.912166813949801,141.12569993530374
0,s3,2.270374805045052,2.1394987124939,130.08289424191855
0,s3,2.6131814624600387,3.953147605531493,149.72426890078438
0,s3,2.3644640024583303,1.9839621473322993,135.47380815147264
0,s3,2.2214128330971765,2.1861687023501353,127.27757989266736
0,s3,2.623624125840247,4.0888562139982545,150.32258943934616
0,s3,2.2770829629387355,2.113387727354284,130.467243377534
0,s3,2.3583398644194546,1.9827858406067858,135.12292088868952
0,s3,2.3858453937477515,1.9021535513328809,136.69887163247424
0,s3,2.2449589425552947,2.1567866223903245,128.6266725885706
0,s3,2.3372296472763794,1.9618795689482074,133.9133945417866
0,s3,2.3666527431823106,1.892230033423762,135.5992137574051
0,s3,2.2438029612506836,2.1831367545165787,128.56043973862037
0,s3,2.4812190860749523,1.8853175823623838,142.1633816794021
0,s3,2.387547302281645,1.992509097374037,136.79638380858364
0,s3,2.3670392354352296,1.9851469463062852,135.62135813231188
0,s3,2.3766373067387474,1.973138537430816,136.17128710946906
0,s3,2.396132718658005,1.9754083578632544,137.28829193231155
0,s3,2.4818749311389863,1.8384578669706992,142.20095883358573
0,s3,2.3768828520573995,1.9890718712164013,136.18535581990702
0,s3,2.2830615920113893,2.059351656203586,130.80979359067126
0,s3,2.2686831859580576,2.0529046224705767,129.98597160769
0,s3,2.3444911666420833,1.9745418384957851,134.32944895429395
0,s3,2.454582598526045,1.9153124207987533,140.63722336179694
0,s3,2.35638570884942,2.0055646182041444,135.01095602201457
0,s4,2.8846599834520013,2.178128300398937,165.27884238207756
0,s4,2.929623419437131,2.1042338265261367,167.85505749643215
0,s4,2.0924995579685732,2.7334305143142332,119.8913933045896
0,s4,2.9581547155830354,2.1054182392150613,169.48978034963034
0,s4,2.9371549998047684,2.0361084572682495,168.28658526456135
0,s4,2.941350791327966,2.0805464952036523,168.52698641055736
0,s4,2.9593826305158863,2.1042212631071955,169.5601346928838
0,s4,2.9772078551878907,1.9655744972789657,170.58144483546212
0,s4,2.942409879822925,1.97934554325973,168.58766771144934
0,s4,2.9208796886141752,2.1311357884446833,167.35407862307832
0,s4,2.938358286303584,2.2125450983069426,168.35552850248857
0,s4,2.315724815130554,1.8768309878824234,132.68125842069355
0,s4,2.9033007190664377,2.022982262897605,166.34687785980398
0,s4,2.9420639388042953,2.1471451471345775,168.56784675112144
0,s4,1.6273537762332164,2.9746635497209164,93.24050315284028
0,s4,1.6429967889774288,3.1190606723985352,94.136781761953
0,s4,2.879944178905343,2.0978855947046164,165.00864668454545
0,s4,2.1768312283751983,2.8658770071197335,124.72324209817751
0,s4,2.9354788527993256,2.1561301574045677,168.190549115306
0,s4,2.905245410093973,2.4695593782006298,166.45830044813871
0,s4,2.017502668751474,2.4734765480919805,115.59438807583962
0,s4,2.7962724552038902,2.2490762630631,160.21461005186745
0,s4,2.8537100623115426,2.3434186049521055,163.50554252446656
0,s4,2.8860583191905884,2.075014600681982,165.35896111824093
0,s4,-2.996495264436609,1.9627956339911123,-171.68653198315525
0,s4,2.905047452763469,2.0648140183728456,166.44695832857715
0,s4,2.4715953951108234,2.3498102223686885,141.61198480381933
0,s4,2.9478246039689204,2.4886588242899137,168.89790855224248
0,s4,2.466476896543163,2.0228606696640754,141.31871643844863
0,s4,2.898269190262911,2.137782583302199,166.0585924948634
0,s4,2.9318903021433025,2.197885908660606,167.98494030814697
0,s4,2.941756502557944,1.985851213747238,168.55023195173615
0,s4,2.9133159416170917,2.0438415720235303,166.9207078428407
0,s4,2.922022396983247,2.2611700908992125,167.41955098984042
0,s4,1.6336158064601123,2.9346165326438403,93.59929105602475
0,s4,2.9257744782082438,2.005343369334585,167.63452940842302
0,s4,2.943602853398599,2.1485278330350277,168.65602006240613
0,s4,2.914674423579571,2.201596860305635,166.99854312583543
0,s4,2.916464128643233,2.0206984223991253,167.10108567255642
0,s4,2.9329240370302627,2.0714271712901295,168.04416895430523
0,s4,2.5163019056737537,2.572416691443274,144.17347917583226
0,s4,2.903566868761757,2.06417256688197,166.36212711406446
0,s4,2.9298953524439746,2.071639650927843,167.8706381100346
0,s4,2.9460365606945973,2.2151309833392103,168.795461219037
0,s4,2.8981328451131394,2.4750805893731442,166.0507804932244
0,s4,2.9104616342285583,2.041926237415942,166.75716807604474
0,s4,2.9564863766814384,2.1419876827661453,169.39419157177136
0,s4,2.0038670003614856,2.3834780997827103,114.81312182625334
0,s4,2.9226388752487997,2.2864012146284143,167.45487259261813
0,s4,2.928185540201381,1.9939855330464895,167.77267308477417
0,s4,2.9288749767560014,2.146448517121393,167.81217488959598
0,s4,2.913256208939688,2.1917650410682157,166.91728541252644
0,s4,2.9463952246638976,2.2121974295247093,168.81601115074133
0,s4,2.8976385547064387,2.3976117400780805,166.02245973906665
0,s4,2.9326307838131855,2.075765051885991,168.02736678263807
0,s4,2.644237175458551,1.6057594406498197,151.50363018536873
0,s4,2.9025981927050193,2.0578745249801593,166.30662606429803
0,s4,2.91643919668526,2.1553623144638734,167.0996571765896
0,s4,2.2833344306920815,1.8643055543839755,130.82542609556285
0,s4,2.5540506901927573,2.6193726498807535,146.33632521051996
0,s4,-3.0344747155151492,1.6735648822185523,-173.86259423817918
0,s4,2.9307790812079877,2.047327197363289,167.92127203844686
0,s4,2.9518250957570555,2.1059995917326146,169.12711984767938
0,s4,2.9686085555202815,1.933021479651393,170.08874125773985
0,s4,2.2319988612378387,1.8427920899395582,127.88411462693404
0,s4,2.9045799800717433,2.5577619715690703,166.42017411630366
0,s4,2.92530655198357,2.0712110434844466,167.6077192106257
0,s4,2.8449613680844883,2.2263023740234056,163.00427926900588
0,s4,2.924700977807116,2.1509773953596856,167.5730223661328
0,s4,2.9266671797638835,2.278109891638498,167.68567743992594
0,s4,2.904486357853645,2.0998481331320145,166.41480995833797
0,s4,2.9069286542997603,2.494446916547717,166.55474323702018
0,s4,2.930213721215948,2.1515329220284327,167.88887929699743
0,s4,2.8951167659923227,2.191633578547163,165.87797188892407
0,s4,2.9866758434412226,2.248113725090237,171.12392060285748
0,s4,2.8230965275973876,1.8756721817622033,161.75151618936823
0,s4,2.9046766167255202,2.0429273928560034,166.42571098871133
0,s4,2.960568951355193,1.9494546367885808,169.6281058701245
0,s4,2.9352620025415392,2.0224936284059547,168.17812451074852
0,s4,2.9201345218811414,2.1654418861621405,167.31138371424194
0,s4,2.9470071516381324,2.064256123384802,168.8510719837352
0,s4,2.9393622671562416,2.1394831035592277,168.4130523680578
0,s4,2.9169268299045896,2.0028694091268475,167.12759650200755
0,s4,2.8688093290902774,2.094310349708289,164.37066678463017
0,s4,2.9306543114700765,2.028370998983202,167.91412325905358
0,s4,2.9107164603095037,2.167312500733063,166.77176853499276
0,s4,1.6431543294315352,2.965908004052278,94.14580816507588
0,s4,2.9481160452680135,2.2054928100488875,168.91460690865634
0,s4,2.896742742644135,2.0364091695948625,165.97113348865972
0,s4,2.960423622462156,1.9448985721921526,169.61977913791216
0,s4,-3.0166933230632456,1.6332979596866997,-172.84379549681933
0,s4,2.861840188501238,2.5145999468173565,163.9713644420449
0,s4,2.9175449003152805,2.450793064755634,167.16300932798205
0,s4,2.619131411939196,1.5475426611644139,150.06517589425616
0,s4,2.896653178810688,2.1548727768636855,165.9660018590062
0,s4,2.893037686920068,2.190530436896878,165.7588494328099
0,s4,2.8664553233125916,2.111344439359313,164.23579218861934
0,s4,2.926499056009626,2.3727665526117847,167.6760446583711
0,s4,2.90200862533307,2.2746015374255197,166.27284634214672
0,s4,2.9120230139444097,2.3659141789079765,166.84662854398036
0,s5,1.992586104055149,3.7454668859378284,114.16677407877552
0,s5,2.0064237123141138,3.9398696328705887,114.95961063056959
0,s5,2.0039555575146095,4.021316941311986,114.81819577737303
0,s5,2.000939729032167,4.0971632337721635,114.64540153359373
0,s5,1.994082175729396,3.9564997934295407,114.25249267155895
0,s5,1.9929900595646157,3.99720193195272,114.18991902457903
0,s5,2.0148668880075133,3.7707754477042177,115.44336896348882
0,s5,1.9460665264869277,3.925263308376221,111.50139861938499
0,s5,1.9588819907601271,3.9508096057648077,112.23567063474
0,s5,2.0040985383493624,3.8569635717824644,114.82638797575562
0,s5,1.9916496760787779,3.9145292526867848,114.11312070791149
0,s5,2.002177662382142,3.736098114689179,114.71632988986579
0,s5,1.9936855841458523,3.989459767137023,114.22976964763149
0,s5,2.0043247938364397,4.177795779569483,114.83935146025684
0,s5,2.003260940798452,3.58151390116363,114.77839717115798
0,s5,2.0066293003958937,3.982676136319601,114.97138995997376
0,s5,1.9951245301191023,3.7251785156467982,114.31221517884606
0,s5,2.0016153226522597,3.926988097563302,114.68411019669101
0,s5,2.005100522257404,3.9666702399913123,114.88379742482644
0,s5,1.9204282352938542,3.903618183103568,110.03243274009445
0,s5,2.003969708493374,4.040673557686819,114.8190065687322
0,s5,1.9958547824782846,5.162076731831665,114.35405555700667
0,s5,2.0045762385719526,3.829497488425464,114.8537581823825
0,s5,1.9900377730876684,4.0241782952673475,114.0207654695364
0,s5,2.0032206189440527,4.053388091951272,114.77608689907875
0,s5,2.003690914215752,3.9959006688401773,114.80303283327208
0,s5,2.0011486893468833,4.0210623518924775,114.6573740777127
0,s5,1.9436321429956398,3.9387842333398844,111.36191871961788
0,s5,1.9999042624398267,3.984751079949049,114.58607366802583
0,s5,2.0060431109393497,3.928695719882537,114.93780377811872
0,s5,1.9977325564448598,4.175498407103131,114.46164408017097
0,s5,2.0198581693811963,4.081370841493663,115.72934832056312
0,s5,2.0021884971003714,4.0268849109906455,114.71695067349255
0,s5,1.9957937322267174,3.997619001365843,114.35055763525367
0,s5,1.9452221143403845,3.827707494635384,111.45301736721848
0,s5,2.006039802285585,3.9557833989160573,114.93761420622214
0,s5,2.0017942629585224,3.9666260576739525,114.69436272102463
0,s5,1.9535957465937572,4.016904125382424,111.93279115453136
0,s5,1.9902338615773003,4.039839757775891,114.0320005124034
0,s5,2.0033827170984484,4.016511718944954,114.78537443919248
0,s5,2.001777948501944,4.144112282385292,114.69342797151764
0,s5,1.9984405625374153,3.9738062031566197,114.50220984114395
0,s5,2.0062166506855923,3.9766240089753624,114.94774687315619
0,s5,2.0040522388715942,5.158782877439543,114.82373521108585
0,s5,2.0019736633562153,3.8587616283291997,114.7046416066554
0,s5,2.002013269337532,3.8220692439235155,114.70691086222834
0,s5,2.0023158960529326,4.029035175459872,114.72425009578869
0,s5,1.994157308516605,4.055023223067894,114.2567974631691
0,s5,1.9336222788428106,3.9446782764401425,110.78839575016146
0,s5,2.019080696637828,4.043199686326698,115.68480241368165
0,s5,2.004633366170612,3.9565139902858033,114.85703135267941
0,s5,1.9380409717411622,3.9353267542490316,111.04156820420144
0,s5,2.005324483530185,3.9763215152110716,114.89662946053117
0,s5,1.9856751003018585,3.7280224265355417,113.7708027315129
0,s5,1.9995649865173653,3.753925319444535,114.56663458957838
0,s5,1.999416085182414,3.8682642383502803,114.55810317152182
0,s5,1.9904121143279112,4.067230227190226,114.0422136427
0,s5,1.9944078163816128,3.714873145965239,114.27115050656886
0,s5,2.006290824493198,4.009279138754386,114.95199671928242
0,s5,1.99859584366682,4.030285071905002,114.51110679449687
0,s5,1.923084075617552,3.9985781863615837,110.18460118170299
0,s5,1.9291504072403935,3.9351693182648884,110.53217638081856
0,s5,2.005707951426329,4.064587936907099,114.91860055255897
0,s5,2.0009742921479323,3.585287573110001,114.64738185425391
0,s5,1.9963985282632701,3.9882767034221773,114.38520989561438
0,s5,2.003113284288062,4.029441235552546,114.76993707629498
0,s5,2.004283358105591,3.873037411607409,114.83697736775817
0,s5,1.995815105125096,3.722210470989111,114.35178221212672
0,s5,2.0023073875751187,3.9865673272327875,114.72376259591988
0,s5,1.99369688263444,5.105914159073573,114.23041700334244
0,s5,1.9992917154651262,4.024588802908948,114.55097731162199
0,s5,2.0069255574480174,4.006792394216911,114.98836423871144
0,s5,1.9942099544587786,3.7223038912017756,114.25981385346412
0,s5,2.0018627773412927,3.918557799684183,114.69828830599332
0,s5,2.0068205173842952,4.178336436138706,114.98234588638037
0,s5,1.9999703391485004,3.882684192473282,114.58985958455696
0,s5,2.0043958083003828,3.770019096705819,114.84342028932515
0,s5,2.0233712095727405,3.927526796543692,115.93063069679843
0,s5,1.9785313878574968,3.1739290860226888,113.3614981583959
0,s5,1.999377170607201,4.052680723145382,114.55587353060056
0,s5,2.002264132459872,3.9583887322970686,114.72128426037388
0,s5,1.9990144797660012,3.6166985594902106,114.53509287613177
0,s5,1.9964520177323326,3.7370821920583257,114.38827461644004
0,s5,1.9988347910901123,3.8957450227139145,114.52479747337703
0,s5,2.00290974939972,3.9641012130261126,114.75827538620932
0,s5,1.9959434929610842,3.7842316877924365,114.35913829326967
0,s5,1.998790306835291,4.019616290477963,114.52224871332099
0,s5,1.9904714164399913,3.76523667651373,114.0456114034384
0,s5,2.003310767037776,3.9825625691391298,114.78125200438024
0,s5,1.992014007467204,4.0195979773113875,114.13399535881244
0,s5,1.9083658342518026,4.004483741014074,109.34130806959068
0,s5,2.0038029332734726,5.13367353080869,114.8094510525045
0,s5,2.0015976609904302,4.028736290164532,114.68309825800898
0,s5,2.005693123032157,4.029480417987568,114.91775094815596
0,s5,1.9933519139828704,3.716352008503143,114.21065175554318
0,s5,1.9522624890558185,3.979929596996166,111.85640112460347
0,s5,1.9937862023928277,3.7675734763422755,114.23553464852517
0,s5,1.9912737169399957,5.130959712224605,114.09157983598989
0,s5,1.9901142533327345,3.721198750626562,114.02514746479481
0,s5,1.993932952114987,5.089997293900232,114.24394278824963
0,s6,-0.42043788030081725,0.8722200494680541,-24.089316088663324
0,s6,-0.38348683774681647,0.8564038959663067,-21.972177301710772
0,s6,-0.48606561984553837,0.4914595340117973,-27.849508583559658
0,s6,-0.010045561110417073,0.6147436904682628,-0.575568254467651
0,s6,-0.41160701755001483,0.5372083433540666,-23.583344923583056
0,s6,-0.07284871198763143,0.7137346543678174,-4.1739237398553675
0,s6,-0.38450950624545427,0.8720405528369426,-22.0307718905237
0,s6,-0.4025620950187982,0.15090376926469062,-23.065109036521555
0,s6,-0.39978667694972464,0.7971010608337856,-22.906089294779292
0,s6,-0.5148222359029025,0.5452167040312359,-29.497141316724758
0,s6,-0.46786204814089866,0.3035757680823483,-26.806520752820038
0,s6,-0.4009751936791139,0.7952219502836106,-22.97418628725399
0,s6,-0.40790086571690765,0.8534379099377443,-23.37099806531134
0,s6,-0.4200990708246243,0.8651494791351881,-24.06990373561843
0,s6,-0.07236758601560721,0.6434618429350394,-4.1463572522442504
0,s6,-0.35810642991831704,0.7905006299211346,-20.51798705081696
0,s6,-0.374794573621496,0.6273275730722441,-21.474147252916936
0,s6,-0.3873299714095927,0.015360308869071915,-22.192372640692504
0,s6,-0.39978708627355125,0.7690435105188955,-22.906112747307013
0,s6,-0.5061691194162036,0.3132245955399844,-29.001354262401836
0,s6,-0.4369402521833266,0.23237297776391408,-25.034832349486468
0,s6,-0.09437987261657481,0.9214048541750497,-5.407568371912066
0,s6,-0.08354163139286218,0.849519502349958,-4.786582892448628
0,s6,-0.520296616971425,0.2844898676724741,-29.810800247397417
0,s6,-0.3811521328511904,0.16214057360844336,-21.838408564782863
0,s6,-0.36772781580343067,0.9004687934250253,-21.069251855100713
0,s6,-0.40980000356145285,0.12738290599251378,-23.479810648517354
0,s6,-0.3934237296727016,0.8918979022174103,-22.541519270541617
0,s6,-0.3766088744968227,0.8146586850631703,-21.578099035840044
0,s6,-0.45744733707604435,0.22644132035498288,-26.209801763955685
0,s6,-0.10521312080749277,0.7545522573401531,-6.0282677716694
0,s6,-0.43997682374540004,0.7286342788604463,-25.208815084182724
0,s6,-0.47634424441183876,0.5272393981141077,-27.29251480014651
0,s6,-0.39424200632106454,0.8286201058433642,-22.588403068966922
0,s6,-0.4119338554131179,0.8566970316910698,-23.602071353723936
0,s6,-0.5220920287290468,0.2741771007891529,-29.91366976359731
0,s6,-0.4014693499759783,0.8295709131070508,-23.002499357484133
0,s6,-0.09010541767406359,0.8942085595218616,-5.162660143987338
0,s6,-0.36666774724772977,0.314060999113563,-21.008514400864524
0,s6,0.43871628993360245,0.5652168688223425,25.136591816833185
0,s6,-0.4181457918439505,0.8462988502534996,-23.957989093814206
0,s6,-0.39555639544477994,0.8980768634633538,-22.663712018393714
0,s6,-0.39446587070529493,0.8307986425983431,-22.60122955336662
0,s6,-0.3851887022979419,0.33601469861103705,-22.069686957793184
0,s6,-0.463481641517935,0.017309281395386122,-26.555541940773065
0,s6,-0.5142793637274216,0.5295875438743689,-29.46603703225461
0,s6,-0.08036293489098274,0.8244946857372701,-4.6044569985379376
0,s6,-0.42439379666025756,0.3315407683670877,-24.315973400166012
0,s6,-0.38073633976766585,0.1611139468076228,-21.81458537594618
0,s6,-0.4109992254502165,0.1599319647101467,-23.548521001443216
0,s6,-0.4086101267942249,0.8530511736960644,-23.411635731614524
0,s6,-0.07203545157585406,0.6582870619255488,-4.127327350615452
0,s6,-0.357759443310797,0.852176148172969,-20.4981061826585
0,s6,-0.401121715353299,0.7369077803752635,-22.982581360791986
0,s6,-0.40399213484697916,0.563633744342602,-23.14704428321194
0,s6,-0.3875702016158727,0.8847637251863913,-22.206136817623904
0,s6,-0.09514323590771688,0.7039056943725805,-5.451305866729723
0,s6,-0.45955330712675535,0.87901046606531,-26.330464959642377
0,s6,-0.4310537616854349,0.6196460072085292,-24.69756128781341
0,s6,-0.3696200839031602,0.9132621263279557,-21.177670830922455
0,s6,-0.4117181150473873,0.28565021027355186,-23.589710341296964
0,s6,-0.37510260642293575,0.9052156620412601,-21.491796232391025
0,s6,-0.470416745510184,0.4344108069863397,-26.95289413001326
0,s6,-0.40597417827037846,0.8271167477067953,-23.26060700618438
0,s6,-0.45246051968104933,0.5682108054859123,-25.924078174020046
0,s6,-0.42758008467543096,0.219520876640658,-24.498534255748563
0,s6,-0.3799692986955249,0.8621612569366395,-21.770637159799314
0,s6,-0.4863219536328824,0.32386436302705146,-27.864195427721075
0,s6,-0.46048757115732325,0.6019938210912699,-26.3839943455448
0,s6,-0.1221425286613439,0.6764155457794487,-6.998251391350698
0,s6,-0.4966304230032474,0.38433465394632993,-28.45482721588287
0,s6,-0.42988418410857193,0.3806632327225623,-24.630549428846024
0,s6,-0.3787882748411503,0.8726335205309725,-21.702969477439375
0,s6,-0.4095572020768959,0.020383992143826468,-23.46589914819273
0,s6,-0.41564271040811107,0.8369215595906843,-23.81457309176306
0,s6,-0.4452866543381255,0.04225987969062839,-25.51304596707534
0,s6,0.17673217683770936,0.7424660293883862,10.12600783696047
0,s6,-0.46377359131201645,0.31110286854934266,-26.572269431803647
0,s6,-0.42464112682101274,0.25860379089828545,-24.330144374523574
0,s6,-0.41510461590846814,0.8505134409107109,-23.783742547954315
0,s6,-0.507813400944969,0.9342940636921355,-29.09556465433141
0,s6,-0.49033536969052494,0.6393297436612357,-28.094147229254027
0,s6,-0.5133141393884041,0.5322323052660609,-29.410733751345607
0,s6,-0.3526936242788167,0.8924401650246168,-20.20785613234898
0,s6,-0.38559418467887147,0.8952048916560882,-22.092919386887367
0,s6,-0.39598044118804093,0.2552267616668633,-22.688008049803056
0,s6,-0.3777585467151712,0.607693276868809,-21.643970401774855
0,s6,-0.5030835611457797,0.9482298503215878,-28.824564796064863
0,s6,-0.3706191895934619,0.7999863240921643,-21.234915370264247
0,s6,-0.4062150998311791,0.42503919098347875,-23.274410794811963
0,s6,-0.07531065438794314,0.7505437537070581,-4.314982648797536
0,s6,-0.41430908444475273,0.8595490234541163,-23.738161952613556
0,s6,0.5366595758013211,0.589234064235236,30.74832872869678
0,s6,-0.49898632306195473,0.6695345783384727,-28.589810346201425
0,s6,-0.5192465071882514,0.16251706491809692,-29.750633388796167
0,s6,-0.4035338462582838,0.5235419295840309,-23.12078628128069
0,s6,-0.37352224280987756,0.18303209416326904,-21.401248067266742
0,s6,-0.4040856600582966,0.8527948300209198,-23.1524028830985
0,s6,-0.4873703406440306,0.5308125691658772,-27.924263578756204
0,s6,-0.5102644920404427,0.46757145063947014,-29.236001829304154
0,sAVG,1.9213965757322635,1.8547346954566288,110.08791456034716
0,sAVG,1.8247221766400223,1.915922148946155,104.54887950539838
0,sAVG,1.751432098967994,1.9504507743270771,100.34966737460516
0,sAVG,2.4473790794025096,1.543722510434792,140.2244921183766
0,sAVG,1.9105273122884634,1.8735446249100107,109.46515163860157
0,sAVG,2.585848750633626,1.5786083206647699,148.1582198704836
0,sAVG,2.4457639367661184,1.5384372291161865,140.13195126199975
0,sAVG,1.7857209341183298,1.9110199986126455,102.31427291313923
0,sAVG,1.6354010911558576,1.9025377190950357,93.70158033432027
0,sAVG,1.7419064072903963,1.9567370836985454,99.80388544453592
0,sAVG,1.966097252331186,1.8707229129987568,112.64907467084461
0,sAVG,1.996568998013548,1.9880345927903544,114.39497709283994
0,sAVG,1.7910101960236893,1.857045012918256,102.61732529705566
0,sAVG,1.6499126820250378,1.904607056783508,94.53303324514486
0,sAVG,1.7906394061858055,1.8827810253523802,102.59608060425857
0,sAVG,1.788214958894395,1.894559698152276,102.45717000680882
0,sAVG,1.9850118635258875,1.8517474877897278,113.7328020634319
0,sAVG,1.8013595968855438,1.9877665755880725,103.21030228692898
0,sAVG,1.9972723902271896,1.8983593807316659,114.43527849802398
0,sAVG,1.7994454285382449,1.9435264990846486,103.1006285193512
0,sAVG,1.763540489577395,1.8844612346961265,101.04342705321967
0,sAVG,2.5696673044332914,1.6619281305484934,147.23109129678645
0,sAVG,2.5145043499612134,1.4823762552412418,144.07048682006408
0,sAVG,2.362849082065991,1.9729836453626115,135.381280028742
0,sAVG,1.6724714084690213,2.0630875753128746,95.82555306157529
0,sAVG,1.922844902842223,1.9389445901597187,110.1708975911022
0,sAVG,1.773681169921,1.8969680674340914,101.62444523829951
0,sAVG,1.8235210320394202,1.8891029895061626,104.48005898919894
0,sAVG,2.4308866554744912,1.4933522699372395,139.27954583336057
0,sAVG,1.9188026128815807,1.9402668707838746,109.9392914367893
0,sAVG,1.6655637284788951,2.064116978688191,95.4297721519141
0,sAVG,1.533820138578542,2.0088821396434087,87.88142047272152
0,sAVG,1.7659854954853154,1.9669055515542269,101.18351557262807
0,sAVG,2.4572579365049836,1.5616700389444746,140.79050893676117
0,sAVG,1.775123438329137,1.838998696880302,101.70708113101082
0,sAVG,2.049935017790283,1.9341830410693595,117.45262479545855
0,sAVG,2.5501952099786878,1.650373421616536,146.11542246625757
0,sAVG,1.619399575668684,1.8796578818389778,92.784761031092
0,sAVG,1.6238642645993921,2.0203974039185297,93.04056886366034
0,sAVG,1.8198374085553206,1.8837818093387035,104.26900291024477
0,sAVG,1.980387742813854,1.8857564312119361,113.46785946267336
0,sAVG,2.588967655264033,1.7000093250897712,148.33691994250975
0,sAVG,2.5886320648941026,1.7018354889454193,148.3176920306675
0,sAVG,1.8927308287306042,1.909180095916887,108.44548824056228
0,sAVG,1.5795762465637297,1.8959206196595635,90.50305234721762
0,sAVG,2.5859169241309874,1.6300844841887168,148.1621259241571
0,sAVG,1.8190446090794572,1.8845064220015155,104.2235788462776
0,sAVG,1.910476905733157,1.8812936111929535,109.46226355572273
0,sAVG,1.8490961792412368,1.8892922157455514,105.94540698428885
0,sAVG,2.370646305653102,2.0272171652869755,135.82802803220332
0,sAVG,2.5721837174479636,1.61832883312456,147.37527114203897
0,sAVG,1.7963173006965827,1.8686643495388777,102.9213999962466
0,sAVG,1.9763614745146711,1.77708355784016,113.23717128194286
0,sAVG,2.568458548119449,1.5423207142919364,147.1618346615435
0,sAVG,1.7735780196305035,1.8795717357040975,101.61853516199852
0,sAVG,2.2397547029764526,1.905564951906642,128.328491625128
0,sAVG,1.7946017697048022,1.881434486166751,102.82310731079369
0,sAVG,1.8021952418979088,1.883946160689149,103.25818121930864
0,sAVG,1.797519858591375,1.9616699504614052,102.99030148823833
0,sAVG,1.6305738063038395,2.0170388275313753,93.42499728579219
0,sAVG,1.644641112697988,2.0609181243435244,94.2309945712943
0,sAVG,1.8282840272384568,1.8910816276574103,104.75295851194483
0,sAVG,2.5908093279034823,1.7032175118036967,148.44244001199493
0,sAVG,2.6695461081230354,1.8479411556419278,152.95372521102445
0,sAVG,2.555508576794619,1.5554772885915744,146.4198559598153
0,sAVG,1.6323175771201217,1.8613909547325482,93.52490799400324
0,sAVG,1.7782446367501292,1.9105416071398338,101.88591262755656
0,sAVG,1.7890416670105005,1.9381604573296674,102.50453689275088
0,sAVG,2.524982408232483,1.4906468813831157,144.67083533649998
0,sAVG,2.581386948289233,1.5477134653467317,147.90257742712834
0,sAVG,1.7663810685954404,1.9420903851650033,101.2061802423271
0,sAVG,2.386481913031966,1.9908922943149272,136.73534150103842
0,sAVG,1.934791172341403,1.9284337759483927,110.8553684143311
0,sAVG,1.99402202013936,1.9384027614146984,114.24904601013577
0,sAVG,2.5465687089564883,1.525344509684683,145.90763926328566
0,sAVG,1.8093805551527529,1.8606068962262978,103.66986934329061
0,sAVG,1.602721189638793,1.8783553365921888,91.82915990248928
0,sAVG,2.447443314943564,1.6180923213666087,140.22817254377372
0,sAVG,2.56364863063255,1.589779400227446,146.88624668973802
0,sAVG,2.0112363392956567,1.9004906174456697,115.23535384498277
0,sAVG,1.7695981513137067,1.8677914087841065,101.39050550442823
0,sAVG,2.5936766293273084,1.6550244789018214,148.606724282172
0,sAVG,2.5534601689783463,1.514746457301384,146.30249083722126
0,sAVG,1.5505577368177708,1.9134256472198952,88.84041421101492
0,sAVG,1.827141191350262,1.941507728322307,104.68747883887517
0,sAVG,1.8192521967276287,1.914939832337037,104.23547274239688
0,sAVG,2.5999725358200565,1.5649305791744208,148.9674531524155
0,sAVG,1.788308570463973,1.899189737440628,102.46253355465923
0,sAVG,2.3675921995985125,1.520107569007092,135.65304064508996
0,sAVG,1.807077984548285,1.8845816587172983,103.53794176562371
0,sAVG,1.381234267530037,1.8293863558804397,79.13889404831477
0,sAVG,1.8569568823209375,2.010208760991415,106.39579209476119
0,sAVG,1.796646632057087,1.9172201290409219,102.9402692932648
0,sAVG,1.815832451416141,1.904335793014659,104.03953576903899
0,sAVG,2.309641175516693,1.411309331838646,132.3326915467407
0,sAVG,1.9360701129386508,1.8121932814709183,110.92864631280133
0,sAVG,1.7719903143269513,1.9065860962763779,101.52756634899444
0,sAVG,1.8014766185773694,1.9546366013520111,103.21700713598206
0,sAVG,2.4035365343023396,1.4771342556199096,137.71249932102486
0,sAVG,1.804002772716336,1.8446275686691562,103.36174510654435
